{
  "rooms": {
	"A101": {
	  "title": "Intro to Programming",
	  "teacher": "Ms. Smith",
	  "subject": "Computer Science",
	  "schedule": ["Mon 08:30-10:00", "Wed 08:30-10:00"],
	  "desc": "Learn basics of algorithms, variables and control flow.",
	  "photo": "res://Images/a101.jpg",
	  "links": [
		{"label": "Syllabus (PDF)", "url": "https://example.com/syllabus.pdf"},
		{"label": "Teacher page", "url": "https://example.com/ms-smith"}
	  ]
	},
	"A102": {
	  "title": "Robotics Club",
	  "teacher": "Mr. Novak",
	  "subject": "STEM",
	  "schedule": ["Tue 15:00-17:00"],
	  "desc": "Weekly builds, competitions and demos.",
	  "photo": "",
	  "links": []
	}
  }
}
